{
  "create User" : {
    "transaction" : "create User",
    "sampleCount" : 3100,
    "errorCount" : 1,
    "errorPct" : 0.032258064,
    "meanResTime" : 35339.84258064521,
    "medianResTime" : 33954.5,
    "minResTime" : 2361.0,
    "maxResTime" : 158968.0,
    "pct1ResTime" : 56392.00000000001,
    "pct2ResTime" : 71863.15,
    "pct3ResTime" : 81469.78999999995,
    "throughput" : 19.301052841301765,
    "receivedKBytesPerSec" : 17.871787503190898,
    "sentKBytesPerSec" : 8.874866575635222
  },
  "Total update user" : {
    "transaction" : "Total update user",
    "sampleCount" : 3100,
    "errorCount" : 1,
    "errorPct" : 0.032258064,
    "meanResTime" : 674.2858064516138,
    "medianResTime" : 337.0,
    "minResTime" : 270.0,
    "maxResTime" : 55157.0,
    "pct1ResTime" : 1161.9,
    "pct2ResTime" : 1663.8499999999995,
    "pct3ResTime" : 5686.059999999958,
    "throughput" : 20.84664268181971,
    "receivedKBytesPerSec" : 18.75447220377593,
    "sentKBytesPerSec" : 10.338750063044282
  },
  "Total" : {
    "transaction" : "Total",
    "sampleCount" : 18600,
    "errorCount" : 4,
    "errorPct" : 0.021505376,
    "meanResTime" : 6571.2013440860155,
    "medianResTime" : 344.0,
    "minResTime" : 268.0,
    "maxResTime" : 158968.0,
    "pct1ResTime" : 28234.100000000028,
    "pct2ResTime" : 42481.65000000001,
    "pct3ResTime" : 70382.72000000004,
    "throughput" : 113.68637230453278,
    "receivedKBytesPerSec" : 97.19537204591157,
    "sentKBytesPerSec" : 43.91342057883783
  },
  "patch update user" : {
    "transaction" : "patch update user",
    "sampleCount" : 3100,
    "errorCount" : 1,
    "errorPct" : 0.032258064,
    "meanResTime" : 826.3574193548383,
    "medianResTime" : 339.0,
    "minResTime" : 269.0,
    "maxResTime" : 30719.0,
    "pct1ResTime" : 1302.9,
    "pct2ResTime" : 2072.7999999999993,
    "pct3ResTime" : 11822.889999999954,
    "throughput" : 20.851269909599655,
    "receivedKBytesPerSec" : 18.759869933898113,
    "sentKBytesPerSec" : 6.3907066604673375
  },
  "delete user" : {
    "transaction" : "delete user",
    "sampleCount" : 3100,
    "errorCount" : 1,
    "errorPct" : 0.032258064,
    "meanResTime" : 561.4493548387105,
    "medianResTime" : 333.0,
    "minResTime" : 269.0,
    "maxResTime" : 26563.0,
    "pct1ResTime" : 1042.5000000000005,
    "pct2ResTime" : 1421.8499999999995,
    "pct3ResTime" : 3545.449999999966,
    "throughput" : 20.845941765853002,
    "receivedKBytesPerSec" : 15.352815462981642,
    "sentKBytesPerSec" : 6.246572082408715
  },
  "create token " : {
    "transaction" : "create token ",
    "sampleCount" : 3100,
    "errorCount" : 0,
    "errorPct" : 0.0,
    "meanResTime" : 837.1706451612913,
    "medianResTime" : 337.0,
    "minResTime" : 269.0,
    "maxResTime" : 63679.0,
    "pct1ResTime" : 1294.9,
    "pct2ResTime" : 2096.749999999999,
    "pct3ResTime" : 12579.649999999883,
    "throughput" : 20.858144432557545,
    "receivedKBytesPerSec" : 15.838075827765556,
    "sentKBytesPerSec" : 6.0904152200534245
  },
  "get user" : {
    "transaction" : "get user",
    "sampleCount" : 3100,
    "errorCount" : 0,
    "errorPct" : 0.0,
    "meanResTime" : 1188.1022580645172,
    "medianResTime" : 348.0,
    "minResTime" : 268.0,
    "maxResTime" : 65538.0,
    "pct1ResTime" : 1692.3000000000006,
    "pct2ResTime" : 2916.6999999999953,
    "pct3ResTime" : 16343.779999999995,
    "throughput" : 20.865023489978057,
    "receivedKBytesPerSec" : 18.95707405274476,
    "sentKBytesPerSec" : 9.67545791575242
  }
}