{
  "create User" : {
    "transaction" : "create User",
    "sampleCount" : 3000,
    "errorCount" : 1,
    "errorPct" : 0.033333335,
    "meanResTime" : 23987.295666666665,
    "medianResTime" : 22575.5,
    "minResTime" : 1369.0,
    "maxResTime" : 135906.0,
    "pct1ResTime" : 41569.6,
    "pct2ResTime" : 43507.0,
    "pct3ResTime" : 52934.70999999993,
    "throughput" : 21.317264852804286,
    "receivedKBytesPerSec" : 19.725076120399912,
    "sentKBytesPerSec" : 9.801840756922783
  },
  "Total update user" : {
    "transaction" : "Total update user",
    "sampleCount" : 3000,
    "errorCount" : 1,
    "errorPct" : 0.033333335,
    "meanResTime" : 755.268999999998,
    "medianResTime" : 366.0,
    "minResTime" : 279.0,
    "maxResTime" : 47784.0,
    "pct1ResTime" : 1270.8000000000002,
    "pct2ResTime" : 1735.7999999999993,
    "pct3ResTime" : 7825.269999999984,
    "throughput" : 21.78538491144241,
    "receivedKBytesPerSec" : 19.57831692697176,
    "sentKBytesPerSec" : 10.803919848845737
  },
  "Total" : {
    "transaction" : "Total",
    "sampleCount" : 18000,
    "errorCount" : 4,
    "errorPct" : 0.022222223,
    "meanResTime" : 4727.600388888874,
    "medianResTime" : 374.0,
    "minResTime" : 272.0,
    "maxResTime" : 135906.0,
    "pct1ResTime" : 20175.29999999999,
    "pct2ResTime" : 29763.400000000023,
    "pct3ResTime" : 43139.15000000014,
    "throughput" : 123.91659036617352,
    "receivedKBytesPerSec" : 105.82901032595227,
    "sentKBytesPerSec" : 47.86343515074798
  },
  "patch update user" : {
    "transaction" : "patch update user",
    "sampleCount" : 3000,
    "errorCount" : 1,
    "errorPct" : 0.033333335,
    "meanResTime" : 883.475666666665,
    "medianResTime" : 368.0,
    "minResTime" : 272.0,
    "maxResTime" : 52886.0,
    "pct1ResTime" : 1477.8000000000002,
    "pct2ResTime" : 2355.2499999999973,
    "pct3ResTime" : 11697.969999999978,
    "throughput" : 21.787916421552605,
    "receivedKBytesPerSec" : 19.580818928343174,
    "sentKBytesPerSec" : 6.677386435024802
  },
  "delete user" : {
    "transaction" : "delete user",
    "sampleCount" : 3000,
    "errorCount" : 1,
    "errorPct" : 0.033333335,
    "meanResTime" : 684.529666666665,
    "medianResTime" : 362.0,
    "minResTime" : 295.0,
    "maxResTime" : 48088.0,
    "pct1ResTime" : 1194.0,
    "pct2ResTime" : 1756.9499999999998,
    "pct3ResTime" : 5020.209999999895,
    "throughput" : 21.612898577871274,
    "receivedKBytesPerSec" : 15.900283038917625,
    "sentKBytesPerSec" : 6.476003941652378
  },
  "create token " : {
    "transaction" : "create token ",
    "sampleCount" : 3000,
    "errorCount" : 0,
    "errorPct" : 0.0,
    "meanResTime" : 925.7016666666656,
    "medianResTime" : 366.0,
    "minResTime" : 272.0,
    "maxResTime" : 36085.0,
    "pct1ResTime" : 1488.8000000000002,
    "pct2ResTime" : 2610.2499999999973,
    "pct3ResTime" : 13304.08999999998,
    "throughput" : 21.792189679218968,
    "receivedKBytesPerSec" : 16.52106192432299,
    "sentKBytesPerSec" : 6.363149134850071
  },
  "get user" : {
    "transaction" : "get user",
    "sampleCount" : 3000,
    "errorCount" : 0,
    "errorPct" : 0.0,
    "meanResTime" : 1129.3306666666713,
    "medianResTime" : 371.0,
    "minResTime" : 296.0,
    "maxResTime" : 54036.0,
    "pct1ResTime" : 1809.4000000000005,
    "pct2ResTime" : 3255.599999999995,
    "pct3ResTime" : 16695.599999999948,
    "throughput" : 21.794564435629752,
    "receivedKBytesPerSec" : 19.78294458414155,
    "sentKBytesPerSec" : 10.106108312628496
  }
}