{
  "create User" : {
    "transaction" : "create User",
    "sampleCount" : 2700,
    "errorCount" : 0,
    "errorPct" : 0.0,
    "meanResTime" : 23621.309259259273,
    "medianResTime" : 20761.5,
    "minResTime" : 1296.0,
    "maxResTime" : 154826.0,
    "pct1ResTime" : 44292.80000000001,
    "pct2ResTime" : 53256.89999999999,
    "pct3ResTime" : 63563.5799999998,
    "throughput" : 16.395234451852662,
    "receivedKBytesPerSec" : 15.183120916372161,
    "sentKBytesPerSec" : 7.54116740900645
  },
  "Total update user" : {
    "transaction" : "Total update user",
    "sampleCount" : 2700,
    "errorCount" : 0,
    "errorPct" : 0.0,
    "meanResTime" : 788.5840740740729,
    "medianResTime" : 377.0,
    "minResTime" : 297.0,
    "maxResTime" : 42140.0,
    "pct1ResTime" : 1438.9,
    "pct2ResTime" : 2112.449999999998,
    "pct3ResTime" : 7090.879999999976,
    "throughput" : 16.86098430679498,
    "receivedKBytesPerSec" : 15.171178020770235,
    "sentKBytesPerSec" : 8.36462893344907
  },
  "Total" : {
    "transaction" : "Total",
    "sampleCount" : 16200,
    "errorCount" : 0,
    "errorPct" : 0.0,
    "meanResTime" : 4682.384259259226,
    "medianResTime" : 386.0,
    "minResTime" : 278.0,
    "maxResTime" : 154826.0,
    "pct1ResTime" : 16988.499999999993,
    "pct2ResTime" : 29164.599999999948,
    "pct3ResTime" : 50992.95999999998,
    "throughput" : 96.55443703399074,
    "receivedKBytesPerSec" : 82.38050084634136,
    "sentKBytesPerSec" : 37.30798071593327
  },
  "patch update user" : {
    "transaction" : "patch update user",
    "sampleCount" : 2700,
    "errorCount" : 0,
    "errorPct" : 0.0,
    "meanResTime" : 832.6525925925913,
    "medianResTime" : 377.0,
    "minResTime" : 295.0,
    "maxResTime" : 27647.0,
    "pct1ResTime" : 1543.8000000000002,
    "pct2ResTime" : 2418.699999999999,
    "pct3ResTime" : 7862.669999999993,
    "throughput" : 16.808082820271792,
    "receivedKBytesPerSec" : 15.122216550358884,
    "sentKBytesPerSec" : 5.154041021059905
  },
  "delete user" : {
    "transaction" : "delete user",
    "sampleCount" : 2700,
    "errorCount" : 0,
    "errorPct" : 0.0,
    "meanResTime" : 688.024444444446,
    "medianResTime" : 374.0,
    "minResTime" : 278.0,
    "maxResTime" : 48580.0,
    "pct1ResTime" : 1419.9,
    "pct2ResTime" : 1926.749999999999,
    "pct3ResTime" : 4095.719999999994,
    "throughput" : 16.86056314280897,
    "receivedKBytesPerSec" : 12.424225038560733,
    "sentKBytesPerSec" : 5.054875864103861
  },
  "create token " : {
    "transaction" : "create token ",
    "sampleCount" : 2700,
    "errorCount" : 0,
    "errorPct" : 0.0,
    "meanResTime" : 1010.8825925925926,
    "medianResTime" : 371.0,
    "minResTime" : 294.0,
    "maxResTime" : 38784.0,
    "pct1ResTime" : 1560.0,
    "pct2ResTime" : 2846.049999999982,
    "pct3ResTime" : 13670.459999999988,
    "throughput" : 16.808606006275213,
    "receivedKBytesPerSec" : 12.758198864485284,
    "sentKBytesPerSec" : 4.907981636597938
  },
  "get user" : {
    "transaction" : "get user",
    "sampleCount" : 2700,
    "errorCount" : 0,
    "errorPct" : 0.0,
    "meanResTime" : 1152.8525925925933,
    "medianResTime" : 379.0,
    "minResTime" : 296.0,
    "maxResTime" : 60767.0,
    "pct1ResTime" : 2093.3000000000006,
    "pct2ResTime" : 3709.5999999999985,
    "pct3ResTime" : 15031.829999999756,
    "throughput" : 16.810385082339756,
    "receivedKBytesPerSec" : 15.091673995268186,
    "sentKBytesPerSec" : 7.797786048936898
  }
}