{
  "create User" : {
    "transaction" : "create User",
    "sampleCount" : 2800,
    "errorCount" : 0,
    "errorPct" : 0.0,
    "meanResTime" : 24969.55107142859,
    "medianResTime" : 23132.5,
    "minResTime" : 1308.0,
    "maxResTime" : 148340.0,
    "pct1ResTime" : 41381.9,
    "pct2ResTime" : 44402.299999999996,
    "pct3ResTime" : 75346.93999999993,
    "throughput" : 18.15117334370543,
    "receivedKBytesPerSec" : 16.820241343754052,
    "sentKBytesPerSec" : 8.348830707895761
  },
  "Total update user" : {
    "transaction" : "Total update user",
    "sampleCount" : 2800,
    "errorCount" : 0,
    "errorPct" : 0.0,
    "meanResTime" : 938.9757142857154,
    "medianResTime" : 620.0,
    "minResTime" : 296.0,
    "maxResTime" : 28454.0,
    "pct1ResTime" : 1369.6000000000004,
    "pct2ResTime" : 2175.5999999999985,
    "pct3ResTime" : 7709.449999999966,
    "throughput" : 18.797371053391245,
    "receivedKBytesPerSec" : 16.91029122498439,
    "sentKBytesPerSec" : 9.327166092815377
  },
  "Total" : {
    "transaction" : "Total",
    "sampleCount" : 16800,
    "errorCount" : 0,
    "errorPct" : 0.0,
    "meanResTime" : 4993.607261904756,
    "medianResTime" : 633.0,
    "minResTime" : 275.0,
    "maxResTime" : 148340.0,
    "pct1ResTime" : 21140.09999999999,
    "pct2ResTime" : 33273.29999999996,
    "pct3ResTime" : 43779.600000000064,
    "throughput" : 107.19344588645151,
    "receivedKBytesPerSec" : 91.48000905042878,
    "sentKBytesPerSec" : 41.42607460631931
  },
  "patch update user" : {
    "transaction" : "patch update user",
    "sampleCount" : 2800,
    "errorCount" : 0,
    "errorPct" : 0.0,
    "meanResTime" : 986.9117857142865,
    "medianResTime" : 617.0,
    "minResTime" : 297.0,
    "maxResTime" : 28454.0,
    "pct1ResTime" : 1371.7000000000003,
    "pct2ResTime" : 2251.7999999999993,
    "pct3ResTime" : 12609.279999999831,
    "throughput" : 18.789802505754377,
    "receivedKBytesPerSec" : 16.910271772683654,
    "sentKBytesPerSec" : 5.763623812635471
  },
  "delete user" : {
    "transaction" : "delete user",
    "sampleCount" : 2800,
    "errorCount" : 0,
    "errorPct" : 0.0,
    "meanResTime" : 809.7314285714269,
    "medianResTime" : 581.5,
    "minResTime" : 295.0,
    "maxResTime" : 22633.0,
    "pct1ResTime" : 1183.6000000000004,
    "pct2ResTime" : 1574.9499999999998,
    "pct3ResTime" : 6847.219999999983,
    "throughput" : 18.821757952192737,
    "receivedKBytesPerSec" : 13.860328901817644,
    "sentKBytesPerSec" : 5.644761532948159
  },
  "create token " : {
    "transaction" : "create token ",
    "sampleCount" : 2800,
    "errorCount" : 0,
    "errorPct" : 0.0,
    "meanResTime" : 908.5539285714302,
    "medianResTime" : 360.0,
    "minResTime" : 275.0,
    "maxResTime" : 34156.0,
    "pct1ResTime" : 1383.6000000000004,
    "pct2ResTime" : 2455.0999999999967,
    "pct3ResTime" : 13691.809999999996,
    "throughput" : 18.782240050443733,
    "receivedKBytesPerSec" : 14.266353335859993,
    "sentKBytesPerSec" : 5.484267358479175
  },
  "get user" : {
    "transaction" : "get user",
    "sampleCount" : 2800,
    "errorCount" : 0,
    "errorPct" : 0.0,
    "meanResTime" : 1347.9196428571436,
    "medianResTime" : 518.0,
    "minResTime" : 295.0,
    "maxResTime" : 37153.0,
    "pct1ResTime" : 1924.8000000000002,
    "pct2ResTime" : 4288.0,
    "pct3ResTime" : 16448.639999999992,
    "throughput" : 18.777579569993428,
    "receivedKBytesPerSec" : 16.866814148906204,
    "sentKBytesPerSec" : 8.712208811295385
  }
}