{
  "create User" : {
    "transaction" : "create User",
    "sampleCount" : 3500,
    "errorCount" : 0,
    "errorPct" : 0.0,
    "meanResTime" : 27990.125142857127,
    "medianResTime" : 26534.5,
    "minResTime" : 1233.0,
    "maxResTime" : 273208.0,
    "pct1ResTime" : 47971.3,
    "pct2ResTime" : 50087.549999999996,
    "pct3ResTime" : 54443.289999999986,
    "throughput" : 12.561596686609697,
    "receivedKBytesPerSec" : 11.633556157739559,
    "sentKBytesPerSec" : 5.777843788469889
  },
  "Total update user" : {
    "transaction" : "Total update user",
    "sampleCount" : 3500,
    "errorCount" : 0,
    "errorPct" : 0.0,
    "meanResTime" : 10947.847142857165,
    "medianResTime" : 12387.5,
    "minResTime" : 320.0,
    "maxResTime" : 44112.0,
    "pct1ResTime" : 17436.7,
    "pct2ResTime" : 17855.85,
    "pct3ResTime" : 18757.089999999982,
    "throughput" : 12.723016300001454,
    "receivedKBytesPerSec" : 11.44269178583892,
    "sentKBytesPerSec" : 6.323484648999244
  },
  "Total" : {
    "transaction" : "Total",
    "sampleCount" : 21000,
    "errorCount" : 0,
    "errorPct" : 0.0,
    "meanResTime" : 10796.638047619004,
    "medianResTime" : 8901.5,
    "minResTime" : 274.0,
    "maxResTime" : 273208.0,
    "pct1ResTime" : 24701.9,
    "pct2ResTime" : 39448.50000000001,
    "pct3ResTime" : 49796.82000000003,
    "throughput" : 74.55453664355475,
    "receivedKBytesPerSec" : 63.58466380452688,
    "sentKBytesPerSec" : 28.852980117902675
  },
  "patch update user" : {
    "transaction" : "patch update user",
    "sampleCount" : 3500,
    "errorCount" : 0,
    "errorPct" : 0.0,
    "meanResTime" : 10425.329428571436,
    "medianResTime" : 11805.0,
    "minResTime" : 319.0,
    "maxResTime" : 50756.0,
    "pct1ResTime" : 17601.7,
    "pct2ResTime" : 17919.699999999997,
    "pct3ResTime" : 19112.949999999997,
    "throughput" : 12.722415077879354,
    "receivedKBytesPerSec" : 11.440787949146689,
    "sentKBytesPerSec" : 3.9128845406753783
  },
  "delete user" : {
    "transaction" : "delete user",
    "sampleCount" : 3500,
    "errorCount" : 0,
    "errorPct" : 0.0,
    "meanResTime" : 9793.534857142864,
    "medianResTime" : 8937.0,
    "minResTime" : 306.0,
    "maxResTime" : 44879.0,
    "pct1ResTime" : 17120.5,
    "pct2ResTime" : 17786.95,
    "pct3ResTime" : 18181.309999999983,
    "throughput" : 12.726948768576799,
    "receivedKBytesPerSec" : 9.373198909482303,
    "sentKBytesPerSec" : 3.8272782885981083
  },
  "create token " : {
    "transaction" : "create token ",
    "sampleCount" : 3500,
    "errorCount" : 0,
    "errorPct" : 0.0,
    "meanResTime" : 815.316857142857,
    "medianResTime" : 337.0,
    "minResTime" : 274.0,
    "maxResTime" : 59713.0,
    "pct1ResTime" : 1288.9,
    "pct2ResTime" : 2099.95,
    "pct3ResTime" : 12346.04999999998,
    "throughput" : 12.723663833530853,
    "receivedKBytesPerSec" : 9.652915491242485,
    "sentKBytesPerSec" : 3.71521043576731
  },
  "get user" : {
    "transaction" : "get user",
    "sampleCount" : 3500,
    "errorCount" : 0,
    "errorPct" : 0.0,
    "meanResTime" : 4807.674857142854,
    "medianResTime" : 4079.0,
    "minResTime" : 299.0,
    "maxResTime" : 30901.0,
    "pct1ResTime" : 8994.7,
    "pct2ResTime" : 9247.9,
    "pct3ResTime" : 14443.73999999995,
    "throughput" : 12.727041326521336,
    "receivedKBytesPerSec" : 11.419607711677969,
    "sentKBytesPerSec" : 5.915336340475628
  }
}